contrast,study,feature,n_group1_in_study,n_group0_in_study,mean_diff_clr_in_study
CRC_vs_Control__within_Male,FengQ_2015,Romboutsia,28,36,-1.0318876080886783
CRC_vs_Control__within_Male,GuptaA_2019,Romboutsia,18,12,-0.534717887311779
CRC_vs_Control__within_Male,HanniganGD_2017,Romboutsia,20,11,-0.07816965041907808
CRC_vs_Control__within_Male,KIM_ADENOMAS_2020,Romboutsia,20,62,-0.1467527192060296
CRC_vs_Control__within_Male,SINHA_CRC_2016,Romboutsia,25,56,0.014897845100303786
CRC_vs_Control__within_Male,ThomasAM_2018a,Romboutsia,23,13,0.06634333938206494
CRC_vs_Control__within_Male,ThomasAM_2018b,Romboutsia,23,16,-0.35158672120070156
CRC_vs_Control__within_Male,ThomasAM_2019_c,Romboutsia,21,24,-1.210142853884689
CRC_vs_Control__within_Male,VogtmannE_2016,Romboutsia,37,37,-0.13164812003368365
CRC_vs_Control__within_Male,WirbelJ_2018,Romboutsia,36,37,-0.5558299350300393
CRC_vs_Control__within_Male,YachidaS_2019,Romboutsia,161,136,-0.3401046552272686
CRC_vs_Control__within_Male,YuJ_2015,Romboutsia,48,33,-0.884414133574275
CRC_vs_Control__within_Male,ZellerG_2014,Romboutsia,29,28,-0.49711655042792513
CRC_vs_Control__within_Male,FengQ_2015,Parvimonas,28,36,1.89752822207301
CRC_vs_Control__within_Male,GuptaA_2019,Parvimonas,18,12,0.8848535982023036
CRC_vs_Control__within_Male,HanniganGD_2017,Parvimonas,20,11,-0.15772036040756876
CRC_vs_Control__within_Male,KIM_ADENOMAS_2020,Parvimonas,20,62,-0.1467527192060296
CRC_vs_Control__within_Male,SINHA_CRC_2016,Parvimonas,25,56,0.014897845100303786
CRC_vs_Control__within_Male,ThomasAM_2018a,Parvimonas,23,13,0.3455237779520619
CRC_vs_Control__within_Male,ThomasAM_2018b,Parvimonas,23,16,2.254184152208232
CRC_vs_Control__within_Male,ThomasAM_2019_c,Parvimonas,21,24,1.991680177902134
CRC_vs_Control__within_Male,VogtmannE_2016,Parvimonas,37,37,1.2317848513358167
CRC_vs_Control__within_Male,WirbelJ_2018,Parvimonas,36,37,2.0204859766375938
CRC_vs_Control__within_Male,YachidaS_2019,Parvimonas,161,136,0.9817204133773214
CRC_vs_Control__within_Male,YuJ_2015,Parvimonas,48,33,2.653055444177962
CRC_vs_Control__within_Male,ZellerG_2014,Parvimonas,29,28,2.258156338152178
CRC_vs_Control__within_Male,FengQ_2015,Ruthenibacterium,28,36,-0.08135824896357091
CRC_vs_Control__within_Male,GuptaA_2019,Ruthenibacterium,18,12,2.690595925130466
CRC_vs_Control__within_Male,HanniganGD_2017,Ruthenibacterium,20,11,-0.6842853932945432
CRC_vs_Control__within_Male,KIM_ADENOMAS_2020,Ruthenibacterium,20,62,-0.24032838147624452
CRC_vs_Control__within_Male,SINHA_CRC_2016,Ruthenibacterium,25,56,0.014897845100303786
CRC_vs_Control__within_Male,ThomasAM_2018a,Ruthenibacterium,23,13,0.24411274428876206
CRC_vs_Control__within_Male,ThomasAM_2018b,Ruthenibacterium,23,16,0.7350134068589275
CRC_vs_Control__within_Male,ThomasAM_2019_c,Ruthenibacterium,21,24,1.3287409755714228
CRC_vs_Control__within_Male,VogtmannE_2016,Ruthenibacterium,37,37,-0.013355501831663119
CRC_vs_Control__within_Male,WirbelJ_2018,Ruthenibacterium,36,37,1.6589897127253328
CRC_vs_Control__within_Male,YachidaS_2019,Ruthenibacterium,161,136,0.6309095766508335
CRC_vs_Control__within_Male,YuJ_2015,Ruthenibacterium,48,33,0.9231427606934166
CRC_vs_Control__within_Male,ZellerG_2014,Ruthenibacterium,29,28,0.5414824265999083
CRC_vs_Control__within_Male,FengQ_2015,Turicibacter,28,36,-1.3166219959545884
CRC_vs_Control__within_Male,GuptaA_2019,Turicibacter,18,12,-0.5924801523584411
CRC_vs_Control__within_Male,HanniganGD_2017,Turicibacter,20,11,0.11977185455676576
CRC_vs_Control__within_Male,KIM_ADENOMAS_2020,Turicibacter,20,62,-0.22529780507244368
CRC_vs_Control__within_Male,SINHA_CRC_2016,Turicibacter,25,56,0.07347028129358629
CRC_vs_Control__within_Male,ThomasAM_2018a,Turicibacter,23,13,0.1605845919555473
CRC_vs_Control__within_Male,ThomasAM_2018b,Turicibacter,23,16,-1.3314030105016528
CRC_vs_Control__within_Male,ThomasAM_2019_c,Turicibacter,21,24,-2.63389870278923
CRC_vs_Control__within_Male,VogtmannE_2016,Turicibacter,37,37,0.10353749079044183
CRC_vs_Control__within_Male,WirbelJ_2018,Turicibacter,36,37,-0.15162571132550395
CRC_vs_Control__within_Male,YachidaS_2019,Turicibacter,161,136,-0.606431071614018
CRC_vs_Control__within_Male,YuJ_2015,Turicibacter,48,33,-0.7897164400409338
CRC_vs_Control__within_Male,ZellerG_2014,Turicibacter,29,28,0.2579291838844944
CRC_vs_Control__within_Male,FengQ_2015,Fusobacterium,28,36,0.9329039266542254
CRC_vs_Control__within_Male,GuptaA_2019,Fusobacterium,18,12,0.3766468915426593
CRC_vs_Control__within_Male,HanniganGD_2017,Fusobacterium,20,11,-0.00033094391093491105
CRC_vs_Control__within_Male,KIM_ADENOMAS_2020,Fusobacterium,20,62,-0.20542346371774411
CRC_vs_Control__within_Male,SINHA_CRC_2016,Fusobacterium,25,56,0.2750804596984912
CRC_vs_Control__within_Male,ThomasAM_2018a,Fusobacterium,23,13,0.7141976693329748
CRC_vs_Control__within_Male,ThomasAM_2018b,Fusobacterium,23,16,1.243129465332585
CRC_vs_Control__within_Male,ThomasAM_2019_c,Fusobacterium,21,24,1.0405973639779984
CRC_vs_Control__within_Male,VogtmannE_2016,Fusobacterium,37,37,1.1206339670923942
CRC_vs_Control__within_Male,WirbelJ_2018,Fusobacterium,36,37,1.3824037029012457
CRC_vs_Control__within_Male,YachidaS_2019,Fusobacterium,161,136,1.3618867243400217
CRC_vs_Control__within_Male,YuJ_2015,Fusobacterium,48,33,2.2128877260030033
CRC_vs_Control__within_Male,ZellerG_2014,Fusobacterium,29,28,2.3597561026780856
CRC_vs_Control__within_Male,FengQ_2015,Lachnospira,28,36,1.2283970191230837
CRC_vs_Control__within_Male,GuptaA_2019,Lachnospira,18,12,-0.9920394036913782
CRC_vs_Control__within_Male,HanniganGD_2017,Lachnospira,20,11,0.23012620490762759
CRC_vs_Control__within_Male,KIM_ADENOMAS_2020,Lachnospira,20,62,0.1951392620482828
CRC_vs_Control__within_Male,SINHA_CRC_2016,Lachnospira,25,56,-0.608163677111695
CRC_vs_Control__within_Male,ThomasAM_2018a,Lachnospira,23,13,-1.0271418443371063
CRC_vs_Control__within_Male,ThomasAM_2018b,Lachnospira,23,16,-0.7352111108957904
CRC_vs_Control__within_Male,ThomasAM_2019_c,Lachnospira,21,24,-1.5483224042551642
CRC_vs_Control__within_Male,VogtmannE_2016,Lachnospira,37,37,-1.480535935367406
CRC_vs_Control__within_Male,WirbelJ_2018,Lachnospira,36,37,-1.1353266787666327
CRC_vs_Control__within_Male,YachidaS_2019,Lachnospira,161,136,-1.58865534766728
CRC_vs_Control__within_Male,YuJ_2015,Lachnospira,48,33,-2.1877626252766325
CRC_vs_Control__within_Male,ZellerG_2014,Lachnospira,29,28,-1.3605532816363803
CRC_vs_Control__within_Male,FengQ_2015,Lactococcus,28,36,-0.46196159753875543
CRC_vs_Control__within_Male,GuptaA_2019,Lactococcus,18,12,-0.534717887311779
CRC_vs_Control__within_Male,HanniganGD_2017,Lactococcus,20,11,0.32124918069620767
CRC_vs_Control__within_Male,KIM_ADENOMAS_2020,Lactococcus,20,62,0.049196159535339956
CRC_vs_Control__within_Male,SINHA_CRC_2016,Lactococcus,25,56,-0.41485334916257793
CRC_vs_Control__within_Male,ThomasAM_2018a,Lactococcus,23,13,0.28116240582311436
CRC_vs_Control__within_Male,ThomasAM_2018b,Lactococcus,23,16,-0.5803349295734233
CRC_vs_Control__within_Male,ThomasAM_2019_c,Lactococcus,21,24,-0.6013628801308006
CRC_vs_Control__within_Male,VogtmannE_2016,Lactococcus,37,37,-0.2541274204149775
CRC_vs_Control__within_Male,WirbelJ_2018,Lactococcus,36,37,0.07126683700092173
CRC_vs_Control__within_Male,YachidaS_2019,Lactococcus,161,136,-0.4337818502823789
CRC_vs_Control__within_Male,YuJ_2015,Lactococcus,48,33,0.12096734275024756
CRC_vs_Control__within_Male,ZellerG_2014,Lactococcus,29,28,-0.2992657328695676
CRC_vs_Control__within_Male,FengQ_2015,Faecalibacterium,28,36,-0.2677778662432342
CRC_vs_Control__within_Male,GuptaA_2019,Faecalibacterium,18,12,-2.0582983100541212
CRC_vs_Control__within_Male,HanniganGD_2017,Faecalibacterium,20,11,0.7867305656823271
CRC_vs_Control__within_Male,KIM_ADENOMAS_2020,Faecalibacterium,20,62,0.18092657898957842
CRC_vs_Control__within_Male,SINHA_CRC_2016,Faecalibacterium,25,56,-0.23370618827442602
CRC_vs_Control__within_Male,ThomasAM_2018a,Faecalibacterium,23,13,-0.93968134820269
CRC_vs_Control__within_Male,ThomasAM_2018b,Faecalibacterium,23,16,-0.1916403621484939
CRC_vs_Control__within_Male,ThomasAM_2019_c,Faecalibacterium,21,24,-0.21038019567437605
CRC_vs_Control__within_Male,VogtmannE_2016,Faecalibacterium,37,37,-1.157081011355893
CRC_vs_Control__within_Male,WirbelJ_2018,Faecalibacterium,36,37,-1.0023477923518813
CRC_vs_Control__within_Male,YachidaS_2019,Faecalibacterium,161,136,-1.03920779088247
CRC_vs_Control__within_Male,YuJ_2015,Faecalibacterium,48,33,-1.091920426369037
CRC_vs_Control__within_Male,ZellerG_2014,Faecalibacterium,29,28,-0.8299050448504506
CRC_vs_Control__within_Male,FengQ_2015,Turicimonas,28,36,-0.6705519608758306
CRC_vs_Control__within_Male,GuptaA_2019,Turicimonas,18,12,0.0833122373893811
CRC_vs_Control__within_Male,HanniganGD_2017,Turicimonas,20,11,-0.22073374045847283
CRC_vs_Control__within_Male,KIM_ADENOMAS_2020,Turicimonas,20,62,-0.1467527192060296
CRC_vs_Control__within_Male,SINHA_CRC_2016,Turicimonas,25,56,0.014897845100303786
CRC_vs_Control__within_Male,ThomasAM_2018a,Turicimonas,23,13,-0.31817410893157183
CRC_vs_Control__within_Male,ThomasAM_2018b,Turicimonas,23,16,-0.5940507994547466
CRC_vs_Control__within_Male,ThomasAM_2019_c,Turicimonas,21,24,-0.8065004229059447
CRC_vs_Control__within_Male,VogtmannE_2016,Turicimonas,37,37,-0.4015297309007484
CRC_vs_Control__within_Male,WirbelJ_2018,Turicimonas,36,37,0.12650336086790737
CRC_vs_Control__within_Male,YachidaS_2019,Turicimonas,161,136,-0.27807460861337674
CRC_vs_Control__within_Male,YuJ_2015,Turicimonas,48,33,-1.345276235654533
CRC_vs_Control__within_Male,ZellerG_2014,Turicimonas,29,28,0.0907859080754192
CRC_vs_Control__within_Male,FengQ_2015,Peptostreptococcus,28,36,0.8857906588375473
CRC_vs_Control__within_Male,GuptaA_2019,Peptostreptococcus,18,12,-0.1834210364202813
CRC_vs_Control__within_Male,HanniganGD_2017,Peptostreptococcus,20,11,-0.08130457920007639
CRC_vs_Control__within_Male,KIM_ADENOMAS_2020,Peptostreptococcus,20,62,-0.05716474574459429
CRC_vs_Control__within_Male,SINHA_CRC_2016,Peptostreptococcus,25,56,0.014897845100303786
CRC_vs_Control__within_Male,ThomasAM_2018a,Peptostreptococcus,23,13,0.06634333938206494
CRC_vs_Control__within_Male,ThomasAM_2018b,Peptostreptococcus,23,16,2.8968482703526743
CRC_vs_Control__within_Male,ThomasAM_2019_c,Peptostreptococcus,21,24,1.6420113353098136
CRC_vs_Control__within_Male,VogtmannE_2016,Peptostreptococcus,37,37,1.0356607427291151
CRC_vs_Control__within_Male,WirbelJ_2018,Peptostreptococcus,36,37,0.34946383167712103
CRC_vs_Control__within_Male,YachidaS_2019,Peptostreptococcus,161,136,0.7791650446878842
CRC_vs_Control__within_Male,YuJ_2015,Peptostreptococcus,48,33,2.285854074368046
CRC_vs_Control__within_Male,ZellerG_2014,Peptostreptococcus,29,28,2.5430492112638623
CRC_vs_Control__within_Female,FengQ_2015,Fusobacterium,18,25,2.7312401544298397
CRC_vs_Control__within_Female,GuptaA_2019,Fusobacterium,12,18,0.27589332045955606
CRC_vs_Control__within_Female,HanniganGD_2017,Fusobacterium,7,17,0.05573604354317907
CRC_vs_Control__within_Female,KIM_ADENOMAS_2020,Fusobacterium,16,40,0.03976738363995058
CRC_vs_Control__within_Female,SINHA_CRC_2016,Fusobacterium,17,33,0.44308212554529564
CRC_vs_Control__within_Female,ThomasAM_2018a,Fusobacterium,6,11,2.152533601525763
CRC_vs_Control__within_Female,ThomasAM_2018b,Fusobacterium,9,12,0.45428561482982976
CRC_vs_Control__within_Female,ThomasAM_2019_c,Fusobacterium,19,16,-0.397509249423668
CRC_vs_Control__within_Female,VogtmannE_2016,Fusobacterium,15,15,1.2588115632058516
CRC_vs_Control__within_Female,WirbelJ_2018,Fusobacterium,24,28,2.3938535118578086
CRC_vs_Control__within_Female,YachidaS_2019,Fusobacterium,97,115,0.7776109579912269
CRC_vs_Control__within_Female,YuJ_2015,Fusobacterium,26,21,2.9486459851038394
CRC_vs_Control__within_Female,ZellerG_2014,Fusobacterium,24,33,2.967466840582855
CRC_vs_Control__within_Female,FengQ_2015,Parvimonas,18,25,1.9211509073243958
CRC_vs_Control__within_Female,GuptaA_2019,Parvimonas,12,18,0.6936524431124688
CRC_vs_Control__within_Female,HanniganGD_2017,Parvimonas,7,17,0.33419025230399124
CRC_vs_Control__within_Female,KIM_ADENOMAS_2020,Parvimonas,16,40,0.046959435451239484
CRC_vs_Control__within_Female,SINHA_CRC_2016,Parvimonas,17,33,-0.03328816143325364
CRC_vs_Control__within_Female,ThomasAM_2018a,Parvimonas,6,11,2.019709930155837
CRC_vs_Control__within_Female,ThomasAM_2018b,Parvimonas,9,12,2.062506967762249
CRC_vs_Control__within_Female,ThomasAM_2019_c,Parvimonas,19,16,1.6893800400311565
CRC_vs_Control__within_Female,VogtmannE_2016,Parvimonas,15,15,0.6922477235038831
CRC_vs_Control__within_Female,WirbelJ_2018,Parvimonas,24,28,2.437462758478701
CRC_vs_Control__within_Female,YachidaS_2019,Parvimonas,97,115,0.6917910648127528
CRC_vs_Control__within_Female,YuJ_2015,Parvimonas,26,21,2.976940577541982
CRC_vs_Control__within_Female,ZellerG_2014,Parvimonas,24,33,1.3375734851902463
CRC_vs_Control__within_Female,FengQ_2015,Peptostreptococcus,18,25,2.0880273454010085
CRC_vs_Control__within_Female,GuptaA_2019,Peptostreptococcus,12,18,0.7768995968045456
CRC_vs_Control__within_Female,HanniganGD_2017,Peptostreptococcus,7,17,0.6997975001658266
CRC_vs_Control__within_Female,KIM_ADENOMAS_2020,Peptostreptococcus,16,40,0.0642881149652379
CRC_vs_Control__within_Female,SINHA_CRC_2016,Peptostreptococcus,17,33,-0.03328816143325364
CRC_vs_Control__within_Female,ThomasAM_2018a,Peptostreptococcus,6,11,1.311665596642665
CRC_vs_Control__within_Female,ThomasAM_2018b,Peptostreptococcus,9,12,2.38948409305459
CRC_vs_Control__within_Female,ThomasAM_2019_c,Peptostreptococcus,19,16,1.977547146928768
CRC_vs_Control__within_Female,VogtmannE_2016,Peptostreptococcus,15,15,0.812266658193666
CRC_vs_Control__within_Female,WirbelJ_2018,Peptostreptococcus,24,28,1.9372222572419253
CRC_vs_Control__within_Female,YachidaS_2019,Peptostreptococcus,97,115,0.5972759582811324
CRC_vs_Control__within_Female,YuJ_2015,Peptostreptococcus,26,21,2.0954520323921635
CRC_vs_Control__within_Female,ZellerG_2014,Peptostreptococcus,24,33,2.135895836809198
CRC_vs_Control__within_Female,FengQ_2015,Flavonifractor,18,25,1.1771457603755937
CRC_vs_Control__within_Female,GuptaA_2019,Flavonifractor,12,18,2.1785184830228825
CRC_vs_Control__within_Female,HanniganGD_2017,Flavonifractor,7,17,1.5720725028214306
CRC_vs_Control__within_Female,KIM_ADENOMAS_2020,Flavonifractor,16,40,0.6054882468119422
CRC_vs_Control__within_Female,SINHA_CRC_2016,Flavonifractor,17,33,0.9720370579259714
CRC_vs_Control__within_Female,ThomasAM_2018a,Flavonifractor,6,11,-0.09817705081562789
CRC_vs_Control__within_Female,ThomasAM_2018b,Flavonifractor,9,12,0.12528513514062256
CRC_vs_Control__within_Female,ThomasAM_2019_c,Flavonifractor,19,16,0.16612325105601133
CRC_vs_Control__within_Female,VogtmannE_2016,Flavonifractor,15,15,0.7035313619246026
CRC_vs_Control__within_Female,WirbelJ_2018,Flavonifractor,24,28,0.9462710802303738
CRC_vs_Control__within_Female,YachidaS_2019,Flavonifractor,97,115,0.2512685757958528
CRC_vs_Control__within_Female,YuJ_2015,Flavonifractor,26,21,0.8086588163983013
CRC_vs_Control__within_Female,ZellerG_2014,Flavonifractor,24,33,1.8071325766099826
CRC_vs_Control__within_Female,FengQ_2015,Turicimonas,18,25,-0.2555622850602308
CRC_vs_Control__within_Female,GuptaA_2019,Turicimonas,12,18,-0.26726847053097136
CRC_vs_Control__within_Female,HanniganGD_2017,Turicimonas,7,17,-0.4933044913272665
CRC_vs_Control__within_Female,KIM_ADENOMAS_2020,Turicimonas,16,40,0.0642881149652379
CRC_vs_Control__within_Female,SINHA_CRC_2016,Turicimonas,17,33,-0.03328816143325364
CRC_vs_Control__within_Female,ThomasAM_2018a,Turicimonas,6,11,-1.8339636885799333
CRC_vs_Control__within_Female,ThomasAM_2018b,Turicimonas,9,12,-0.3172693963846873
CRC_vs_Control__within_Female,ThomasAM_2019_c,Turicimonas,19,16,-0.7414092249396056
CRC_vs_Control__within_Female,VogtmannE_2016,Turicimonas,15,15,-0.5831241585506965
CRC_vs_Control__within_Female,WirbelJ_2018,Turicimonas,24,28,0.16177547322874242
CRC_vs_Control__within_Female,YachidaS_2019,Turicimonas,97,115,-0.3378680499432922
CRC_vs_Control__within_Female,YuJ_2015,Turicimonas,26,21,-1.3616991255203377
CRC_vs_Control__within_Female,ZellerG_2014,Turicimonas,24,33,-1.2357728533950474
CRC_vs_Control__within_Female,FengQ_2015,Gemella,18,25,1.034883345275097
CRC_vs_Control__within_Female,GuptaA_2019,Gemella,12,18,0.1761722578662006
CRC_vs_Control__within_Female,HanniganGD_2017,Gemella,7,17,0.50203257412023
CRC_vs_Control__within_Female,KIM_ADENOMAS_2020,Gemella,16,40,0.08470254545338385
CRC_vs_Control__within_Female,SINHA_CRC_2016,Gemella,17,33,0.04890366737777596
CRC_vs_Control__within_Female,ThomasAM_2018a,Gemella,6,11,1.920366440654846
CRC_vs_Control__within_Female,ThomasAM_2018b,Gemella,9,12,0.47305433845764744
CRC_vs_Control__within_Female,ThomasAM_2019_c,Gemella,19,16,0.9660291327184454
CRC_vs_Control__within_Female,VogtmannE_2016,Gemella,15,15,0.6092398962423224
CRC_vs_Control__within_Female,WirbelJ_2018,Gemella,24,28,1.9299357456527946
CRC_vs_Control__within_Female,YachidaS_2019,Gemella,97,115,0.5231673827604558
CRC_vs_Control__within_Female,YuJ_2015,Gemella,26,21,0.9937164536688152
CRC_vs_Control__within_Female,ZellerG_2014,Gemella,24,33,-0.005274682425125077
CRC_vs_Control__within_Female,FengQ_2015,Romboutsia,18,25,-1.0101487895344639
CRC_vs_Control__within_Female,GuptaA_2019,Romboutsia,12,18,-0.11842374940833911
CRC_vs_Control__within_Female,HanniganGD_2017,Romboutsia,7,17,-0.2338304709302257
CRC_vs_Control__within_Female,KIM_ADENOMAS_2020,Romboutsia,16,40,0.0642881149652379
CRC_vs_Control__within_Female,SINHA_CRC_2016,Romboutsia,17,33,-0.03328816143325364
CRC_vs_Control__within_Female,ThomasAM_2018a,Romboutsia,6,11,0.5119494111969098
CRC_vs_Control__within_Female,ThomasAM_2018b,Romboutsia,9,12,0.12421757320468485
CRC_vs_Control__within_Female,ThomasAM_2019_c,Romboutsia,19,16,0.21892187486776304
CRC_vs_Control__within_Female,VogtmannE_2016,Romboutsia,15,15,-0.3401161229459353
CRC_vs_Control__within_Female,WirbelJ_2018,Romboutsia,24,28,-0.19503584170415644
CRC_vs_Control__within_Female,YachidaS_2019,Romboutsia,97,115,-0.14866595724218357
CRC_vs_Control__within_Female,YuJ_2015,Romboutsia,26,21,-0.37672038687301423
CRC_vs_Control__within_Female,ZellerG_2014,Romboutsia,24,33,0.026256111565029272
CRC_vs_Control__within_Female,FengQ_2015,Butyrivibrio,18,25,-0.990510136764198
CRC_vs_Control__within_Female,GuptaA_2019,Butyrivibrio,12,18,-0.2863388162937297
CRC_vs_Control__within_Female,HanniganGD_2017,Butyrivibrio,7,17,1.1817596270479003
CRC_vs_Control__within_Female,KIM_ADENOMAS_2020,Butyrivibrio,16,40,0.0642881149652379
CRC_vs_Control__within_Female,SINHA_CRC_2016,Butyrivibrio,17,33,-0.03328816143325364
CRC_vs_Control__within_Female,ThomasAM_2018a,Butyrivibrio,6,11,-1.905108537874728
CRC_vs_Control__within_Female,ThomasAM_2018b,Butyrivibrio,9,12,-0.7040437919231315
CRC_vs_Control__within_Female,ThomasAM_2019_c,Butyrivibrio,19,16,0.3342741218250165
CRC_vs_Control__within_Female,VogtmannE_2016,Butyrivibrio,15,15,-3.556061226670756
CRC_vs_Control__within_Female,WirbelJ_2018,Butyrivibrio,24,28,-0.26720750683167793
CRC_vs_Control__within_Female,YachidaS_2019,Butyrivibrio,97,115,-0.2861733526898278
CRC_vs_Control__within_Female,YuJ_2015,Butyrivibrio,26,21,0.6088739933822489
CRC_vs_Control__within_Female,ZellerG_2014,Butyrivibrio,24,33,-1.106766786619851
CRC_vs_Control__within_Female,FengQ_2015,Ruthenibacterium,18,25,-0.7309751370031679
CRC_vs_Control__within_Female,GuptaA_2019,Ruthenibacterium,12,18,1.612178447109482
CRC_vs_Control__within_Female,HanniganGD_2017,Ruthenibacterium,7,17,0.08814253412565742
CRC_vs_Control__within_Female,KIM_ADENOMAS_2020,Ruthenibacterium,16,40,0.13260263977730347
CRC_vs_Control__within_Female,SINHA_CRC_2016,Ruthenibacterium,17,33,-0.03328816143325364
CRC_vs_Control__within_Female,ThomasAM_2018a,Ruthenibacterium,6,11,0.3108940107107738
CRC_vs_Control__within_Female,ThomasAM_2018b,Ruthenibacterium,9,12,0.4291872380192079
CRC_vs_Control__within_Female,ThomasAM_2019_c,Ruthenibacterium,19,16,1.5434987050806976
CRC_vs_Control__within_Female,VogtmannE_2016,Ruthenibacterium,15,15,0.2649054635620307
CRC_vs_Control__within_Female,WirbelJ_2018,Ruthenibacterium,24,28,1.0607430799732784
CRC_vs_Control__within_Female,YachidaS_2019,Ruthenibacterium,97,115,0.27202641960087104
CRC_vs_Control__within_Female,YuJ_2015,Ruthenibacterium,26,21,1.131703490957738
CRC_vs_Control__within_Female,ZellerG_2014,Ruthenibacterium,24,33,0.7989586102386477
CRC_vs_Control__within_Female,FengQ_2015,Coprobacter,18,25,0.5992282987024986
CRC_vs_Control__within_Female,GuptaA_2019,Coprobacter,12,18,-0.47310332849900194
CRC_vs_Control__within_Female,HanniganGD_2017,Coprobacter,7,17,-0.03536768913263688
CRC_vs_Control__within_Female,KIM_ADENOMAS_2020,Coprobacter,16,40,-0.34167460718018616
CRC_vs_Control__within_Female,SINHA_CRC_2016,Coprobacter,17,33,0.075178634492715
CRC_vs_Control__within_Female,ThomasAM_2018a,Coprobacter,6,11,1.8981697094313412
CRC_vs_Control__within_Female,ThomasAM_2018b,Coprobacter,9,12,-1.5445530849393985
CRC_vs_Control__within_Female,ThomasAM_2019_c,Coprobacter,19,16,-1.0742167210909224
CRC_vs_Control__within_Female,VogtmannE_2016,Coprobacter,15,15,-0.958653011596592
CRC_vs_Control__within_Female,WirbelJ_2018,Coprobacter,24,28,0.253267913898592
CRC_vs_Control__within_Female,YachidaS_2019,Coprobacter,97,115,-1.2101996975642477
CRC_vs_Control__within_Female,YuJ_2015,Coprobacter,26,21,-0.7700902473935236
CRC_vs_Control__within_Female,ZellerG_2014,Coprobacter,24,33,-1.3639662675611905
Male_vs_Female__within_Control,FengQ_2015,Slackia,36,25,1.3529493405193986
Male_vs_Female__within_Control,GuptaA_2019,Slackia,12,18,0.20731554959244963
Male_vs_Female__within_Control,HanniganGD_2017,Slackia,11,17,-0.49336032448433365
Male_vs_Female__within_Control,KIM_ADENOMAS_2020,Slackia,62,40,0.047311136084514205
Male_vs_Female__within_Control,SINHA_CRC_2016,Slackia,56,33,-0.01843940359682858
Male_vs_Female__within_Control,ThomasAM_2018a,Slackia,13,11,0.39213844032924206
Male_vs_Female__within_Control,ThomasAM_2018b,Slackia,16,12,1.2166295771136237
Male_vs_Female__within_Control,ThomasAM_2019_c,Slackia,24,16,1.6227632474940548
Male_vs_Female__within_Control,VogtmannE_2016,Slackia,37,15,-0.27626126761361536
Male_vs_Female__within_Control,WirbelJ_2018,Slackia,37,28,1.184986464192701
Male_vs_Female__within_Control,YachidaS_2019,Slackia,136,115,0.8348216432860509
Male_vs_Female__within_Control,YuJ_2015,Slackia,33,21,0.20007524759603523
Male_vs_Female__within_Control,ZellerG_2014,Slackia,28,33,0.6232356615153157
Male_vs_Female__within_Control,FengQ_2015,Allisonella,36,25,0.6433675429022885
Male_vs_Female__within_Control,GuptaA_2019,Allisonella,12,18,0.08067434233753024
Male_vs_Female__within_Control,HanniganGD_2017,Allisonella,11,17,0.34280424305730994
Male_vs_Female__within_Control,KIM_ADENOMAS_2020,Allisonella,62,40,-0.011817937549321256
Male_vs_Female__within_Control,SINHA_CRC_2016,Allisonella,56,33,-0.09089748478005433
Male_vs_Female__within_Control,ThomasAM_2018a,Allisonella,13,11,0.34604266725955224
Male_vs_Female__within_Control,ThomasAM_2018b,Allisonella,16,12,0.7092476370772154
Male_vs_Female__within_Control,ThomasAM_2019_c,Allisonella,24,16,0.3424972546899656
Male_vs_Female__within_Control,VogtmannE_2016,Allisonella,37,15,0.49912802393094724
Male_vs_Female__within_Control,WirbelJ_2018,Allisonella,37,28,-0.43224250544043485
Male_vs_Female__within_Control,YachidaS_2019,Allisonella,136,115,0.7567548296718865
Male_vs_Female__within_Control,YuJ_2015,Allisonella,33,21,1.860037075189446
Male_vs_Female__within_Control,ZellerG_2014,Allisonella,28,33,0.40856410354824657
Male_vs_Female__within_Control,FengQ_2015,Acidaminococcus,36,25,-0.12831772389579
Male_vs_Female__within_Control,GuptaA_2019,Acidaminococcus,12,18,-0.53350854893803
Male_vs_Female__within_Control,HanniganGD_2017,Acidaminococcus,11,17,0.09216967389753838
Male_vs_Female__within_Control,KIM_ADENOMAS_2020,Acidaminococcus,62,40,0.09799076178842125
Male_vs_Female__within_Control,SINHA_CRC_2016,Acidaminococcus,56,33,-0.0728135679571178
Male_vs_Female__within_Control,ThomasAM_2018a,Acidaminococcus,13,11,1.7433912703452776
Male_vs_Female__within_Control,ThomasAM_2018b,Acidaminococcus,16,12,0.4612135438373426
Male_vs_Female__within_Control,ThomasAM_2019_c,Acidaminococcus,24,16,2.82988241145498
Male_vs_Female__within_Control,VogtmannE_2016,Acidaminococcus,37,15,-0.574331487455966
Male_vs_Female__within_Control,WirbelJ_2018,Acidaminococcus,37,28,0.11372778661695238
Male_vs_Female__within_Control,YachidaS_2019,Acidaminococcus,136,115,1.3488915756504416
Male_vs_Female__within_Control,YuJ_2015,Acidaminococcus,33,21,0.5444581943997542
Male_vs_Female__within_Control,ZellerG_2014,Acidaminococcus,28,33,0.5749733048697523
Male_vs_Female__within_Control,FengQ_2015,Holdemanella,36,25,1.3894720362188622
Male_vs_Female__within_Control,GuptaA_2019,Holdemanella,12,18,0.027186330038608708
Male_vs_Female__within_Control,HanniganGD_2017,Holdemanella,11,17,0.09934327852877273
Male_vs_Female__within_Control,KIM_ADENOMAS_2020,Holdemanella,62,40,0.35869657016527845
Male_vs_Female__within_Control,SINHA_CRC_2016,Holdemanella,56,33,-0.09089748478005433
Male_vs_Female__within_Control,ThomasAM_2018a,Holdemanella,13,11,-0.2681451605754832
Male_vs_Female__within_Control,ThomasAM_2018b,Holdemanella,16,12,2.56634492021724
Male_vs_Female__within_Control,ThomasAM_2019_c,Holdemanella,24,16,0.608274685251543
Male_vs_Female__within_Control,VogtmannE_2016,Holdemanella,37,15,0.7962200768512462
Male_vs_Female__within_Control,WirbelJ_2018,Holdemanella,37,28,0.3818278335762426
Male_vs_Female__within_Control,YachidaS_2019,Holdemanella,136,115,0.5645610898156894
Male_vs_Female__within_Control,YuJ_2015,Holdemanella,33,21,-0.6072164392665509
Male_vs_Female__within_Control,ZellerG_2014,Holdemanella,28,33,0.6554388577794139
Male_vs_Female__within_Control,FengQ_2015,Akkermansia,36,25,0.07816997993717445
Male_vs_Female__within_Control,GuptaA_2019,Akkermansia,12,18,-0.526461730102447
Male_vs_Female__within_Control,HanniganGD_2017,Akkermansia,11,17,-2.1927031656490605
Male_vs_Female__within_Control,KIM_ADENOMAS_2020,Akkermansia,62,40,-0.27694163533735217
Male_vs_Female__within_Control,SINHA_CRC_2016,Akkermansia,56,33,-0.3632914122334518
Male_vs_Female__within_Control,ThomasAM_2018a,Akkermansia,13,11,-3.115276121028584
Male_vs_Female__within_Control,ThomasAM_2018b,Akkermansia,16,12,-3.383027548061337
Male_vs_Female__within_Control,ThomasAM_2019_c,Akkermansia,24,16,-0.9171971915314603
Male_vs_Female__within_Control,VogtmannE_2016,Akkermansia,37,15,1.4922805323128563
Male_vs_Female__within_Control,WirbelJ_2018,Akkermansia,37,28,-1.8155362087683027
Male_vs_Female__within_Control,YachidaS_2019,Akkermansia,136,115,-0.9389200489401593
Male_vs_Female__within_Control,YuJ_2015,Akkermansia,33,21,-1.595116157094381
Male_vs_Female__within_Control,ZellerG_2014,Akkermansia,28,33,1.3545283917080173
Male_vs_Female__within_Control,FengQ_2015,Eisenbergiella,36,25,-1.0344822196260697
Male_vs_Female__within_Control,GuptaA_2019,Eisenbergiella,12,18,0.04216616563975539
Male_vs_Female__within_Control,HanniganGD_2017,Eisenbergiella,11,17,-0.06424292836651702
Male_vs_Female__within_Control,KIM_ADENOMAS_2020,Eisenbergiella,62,40,-0.30191582419172613
Male_vs_Female__within_Control,SINHA_CRC_2016,Eisenbergiella,56,33,-0.09089748478005433
Male_vs_Female__within_Control,ThomasAM_2018a,Eisenbergiella,13,11,-0.9385811399303965
Male_vs_Female__within_Control,ThomasAM_2018b,Eisenbergiella,16,12,-0.9328993413982711
Male_vs_Female__within_Control,ThomasAM_2019_c,Eisenbergiella,24,16,0.07613887386159934
Male_vs_Female__within_Control,VogtmannE_2016,Eisenbergiella,37,15,-1.292049467307979
Male_vs_Female__within_Control,WirbelJ_2018,Eisenbergiella,37,28,-0.256485279573228
Male_vs_Female__within_Control,YachidaS_2019,Eisenbergiella,136,115,-0.5334055758201712
Male_vs_Female__within_Control,YuJ_2015,Eisenbergiella,33,21,-1.4007104142497604
Male_vs_Female__within_Control,ZellerG_2014,Eisenbergiella,28,33,-0.12947438109650067
Male_vs_Female__within_Control,FengQ_2015,Ruthenibacterium,36,25,-0.7659076669582525
Male_vs_Female__within_Control,GuptaA_2019,Ruthenibacterium,12,18,0.5282389419696264
Male_vs_Female__within_Control,HanniganGD_2017,Ruthenibacterium,11,17,-1.1696223137697372
Male_vs_Female__within_Control,KIM_ADENOMAS_2020,Ruthenibacterium,62,40,-0.14243811959180191
Male_vs_Female__within_Control,SINHA_CRC_2016,Ruthenibacterium,56,33,-0.09089748478005433
Male_vs_Female__within_Control,ThomasAM_2018a,Ruthenibacterium,13,11,-1.6236020728815888
Male_vs_Female__within_Control,ThomasAM_2018b,Ruthenibacterium,16,12,-0.5437735244091525
Male_vs_Female__within_Control,ThomasAM_2019_c,Ruthenibacterium,24,16,0.5262994214293575
Male_vs_Female__within_Control,VogtmannE_2016,Ruthenibacterium,37,15,0.004616641764240814
Male_vs_Female__within_Control,WirbelJ_2018,Ruthenibacterium,37,28,-0.06464880856350375
Male_vs_Female__within_Control,YachidaS_2019,Ruthenibacterium,136,115,-0.6379005992985511
Male_vs_Female__within_Control,YuJ_2015,Ruthenibacterium,33,21,-0.43084111190636776
Male_vs_Female__within_Control,ZellerG_2014,Ruthenibacterium,28,33,0.3439299258926072
Male_vs_Female__within_Control,FengQ_2015,Turicimonas,36,25,0.07835301503118375
Male_vs_Female__within_Control,GuptaA_2019,Turicimonas,12,18,-0.20038246753307676
Male_vs_Female__within_Control,HanniganGD_2017,Turicimonas,11,17,-0.14322291176223156
Male_vs_Female__within_Control,KIM_ADENOMAS_2020,Turicimonas,62,40,0.047311136084514205
Male_vs_Female__within_Control,SINHA_CRC_2016,Turicimonas,56,33,-0.09089748478005433
Male_vs_Female__within_Control,ThomasAM_2018a,Turicimonas,13,11,-0.2237108571923283
Male_vs_Female__within_Control,ThomasAM_2018b,Turicimonas,16,12,-0.28305397319214576
Male_vs_Female__within_Control,ThomasAM_2019_c,Turicimonas,24,16,-0.5378508062182132
Male_vs_Female__within_Control,VogtmannE_2016,Turicimonas,37,15,-0.2682498178274668
Male_vs_Female__within_Control,WirbelJ_2018,Turicimonas,37,28,0.1002435362269245
Male_vs_Female__within_Control,YachidaS_2019,Turicimonas,136,115,-0.42630153780293933
Male_vs_Female__within_Control,YuJ_2015,Turicimonas,33,21,0.14783387128970982
Male_vs_Female__within_Control,ZellerG_2014,Turicimonas,28,33,-0.9413622306141445
Male_vs_Female__within_Control,FengQ_2015,Megamonas,36,25,0.8018927069574708
Male_vs_Female__within_Control,GuptaA_2019,Megamonas,12,18,1.3982412892353602
Male_vs_Female__within_Control,HanniganGD_2017,Megamonas,11,17,0.34280424305730994
Male_vs_Female__within_Control,KIM_ADENOMAS_2020,Megamonas,62,40,-0.26851482104260893
Male_vs_Female__within_Control,SINHA_CRC_2016,Megamonas,56,33,-0.09033229697186643
Male_vs_Female__within_Control,ThomasAM_2018a,Megamonas,13,11,0.19228422250172406
Male_vs_Female__within_Control,ThomasAM_2018b,Megamonas,16,12,0.059007119995854396
Male_vs_Female__within_Control,ThomasAM_2019_c,Megamonas,24,16,1.3393833955330803
Male_vs_Female__within_Control,VogtmannE_2016,Megamonas,37,15,0.23967618127388102
Male_vs_Female__within_Control,WirbelJ_2018,Megamonas,37,28,-0.3496801586114606
Male_vs_Female__within_Control,YachidaS_2019,Megamonas,136,115,1.0605847615885935
Male_vs_Female__within_Control,YuJ_2015,Megamonas,33,21,2.4096656422603053
Male_vs_Female__within_Control,ZellerG_2014,Megamonas,28,33,-0.14150138097699871
Male_vs_Female__within_Control,FengQ_2015,Gordonibacter,36,25,0.16923308680580984
Male_vs_Female__within_Control,GuptaA_2019,Gordonibacter,12,18,0.08067434233753024
Male_vs_Female__within_Control,HanniganGD_2017,Gordonibacter,11,17,0.013001923279577943
Male_vs_Female__within_Control,KIM_ADENOMAS_2020,Gordonibacter,62,40,-0.1203140425741197
Male_vs_Female__within_Control,SINHA_CRC_2016,Gordonibacter,56,33,-0.09089748478005433
Male_vs_Female__within_Control,ThomasAM_2018a,Gordonibacter,13,11,-0.7676087437462344
Male_vs_Female__within_Control,ThomasAM_2018b,Gordonibacter,16,12,-1.5529571127723223
Male_vs_Female__within_Control,ThomasAM_2019_c,Gordonibacter,24,16,-0.5819400595776384
Male_vs_Female__within_Control,VogtmannE_2016,Gordonibacter,37,15,-0.1558494072403669
Male_vs_Female__within_Control,WirbelJ_2018,Gordonibacter,37,28,-0.6811285899087043
Male_vs_Female__within_Control,YachidaS_2019,Gordonibacter,136,115,-0.3663813507242421
Male_vs_Female__within_Control,YuJ_2015,Gordonibacter,33,21,-0.8439544599970941
Male_vs_Female__within_Control,ZellerG_2014,Gordonibacter,28,33,0.03675907994579716
Male_vs_Female__within_CRC,FengQ_2015,Collinsella,28,18,2.345408510714267
Male_vs_Female__within_CRC,GuptaA_2019,Collinsella,18,12,0.06353469315267302
Male_vs_Female__within_CRC,HanniganGD_2017,Collinsella,20,7,1.4362668450283822
Male_vs_Female__within_CRC,KIM_ADENOMAS_2020,Collinsella,20,16,1.581839096133046
Male_vs_Female__within_CRC,SINHA_CRC_2016,Collinsella,25,17,0.6244684627713275
Male_vs_Female__within_CRC,ThomasAM_2018a,Collinsella,23,6,0.3300491372184817
Male_vs_Female__within_CRC,ThomasAM_2018b,Collinsella,23,9,0.32466496786876586
Male_vs_Female__within_CRC,ThomasAM_2019_c,Collinsella,21,19,1.4988147909195986
Male_vs_Female__within_CRC,VogtmannE_2016,Collinsella,37,15,-0.03417122467488687
Male_vs_Female__within_CRC,WirbelJ_2018,Collinsella,36,24,-0.25591015137694484
Male_vs_Female__within_CRC,YachidaS_2019,Collinsella,161,97,1.3361873165677136
Male_vs_Female__within_CRC,YuJ_2015,Collinsella,48,26,1.3481911358910104
Male_vs_Female__within_CRC,ZellerG_2014,Collinsella,29,24,-1.1386835902335473
Male_vs_Female__within_CRC,FengQ_2015,Gordonibacter,28,18,0.2120040744112075
Male_vs_Female__within_CRC,GuptaA_2019,Gordonibacter,18,12,-0.3356197955659097
Male_vs_Female__within_CRC,HanniganGD_2017,Gordonibacter,20,7,-1.0108961525878362
Male_vs_Female__within_CRC,KIM_ADENOMAS_2020,Gordonibacter,20,16,-0.31546396283350653
Male_vs_Female__within_CRC,SINHA_CRC_2016,Gordonibacter,25,17,-0.0427114782464969
Male_vs_Female__within_CRC,ThomasAM_2018a,Gordonibacter,23,6,-2.025463836807755
Male_vs_Female__within_CRC,ThomasAM_2018b,Gordonibacter,23,9,-1.051168426128344
Male_vs_Female__within_CRC,ThomasAM_2019_c,Gordonibacter,21,19,-0.37096177845998507
Male_vs_Female__within_CRC,VogtmannE_2016,Gordonibacter,37,15,-0.6822103434728372
Male_vs_Female__within_CRC,WirbelJ_2018,Gordonibacter,36,24,-0.460054647858124
Male_vs_Female__within_CRC,YachidaS_2019,Gordonibacter,161,97,-0.6176922489757626
Male_vs_Female__within_CRC,YuJ_2015,Gordonibacter,48,26,-0.7713099586212842
Male_vs_Female__within_CRC,ZellerG_2014,Gordonibacter,29,24,-0.8034223824931341
Male_vs_Female__within_CRC,FengQ_2015,Prevotella,28,18,-0.09858761636879487
Male_vs_Female__within_CRC,GuptaA_2019,Prevotella,18,12,0.002375443497405705
Male_vs_Female__within_CRC,HanniganGD_2017,Prevotella,20,7,1.0812208175163531
Male_vs_Female__within_CRC,KIM_ADENOMAS_2020,Prevotella,20,16,2.7660708043171005
Male_vs_Female__within_CRC,SINHA_CRC_2016,Prevotella,25,17,0.28284012942323256
Male_vs_Female__within_CRC,ThomasAM_2018a,Prevotella,23,6,1.8695628991495574
Male_vs_Female__within_CRC,ThomasAM_2018b,Prevotella,23,9,1.6762114072282084
Male_vs_Female__within_CRC,ThomasAM_2019_c,Prevotella,21,19,0.7858423077387058
Male_vs_Female__within_CRC,VogtmannE_2016,Prevotella,37,15,1.6257091309422615
Male_vs_Female__within_CRC,WirbelJ_2018,Prevotella,36,24,0.6981702444472087
Male_vs_Female__within_CRC,YachidaS_2019,Prevotella,161,97,1.344310723782745
Male_vs_Female__within_CRC,YuJ_2015,Prevotella,48,26,0.5043379962151187
Male_vs_Female__within_CRC,ZellerG_2014,Prevotella,29,24,1.2392575948114308
Male_vs_Female__within_CRC,FengQ_2015,Bacteroides,28,18,0.35052635269149945
Male_vs_Female__within_CRC,GuptaA_2019,Bacteroides,18,12,-0.05591490064985738
Male_vs_Female__within_CRC,HanniganGD_2017,Bacteroides,20,7,-1.6786000854622563
Male_vs_Female__within_CRC,KIM_ADENOMAS_2020,Bacteroides,20,16,-0.11730282174045215
Male_vs_Female__within_CRC,SINHA_CRC_2016,Bacteroides,25,17,-0.35535599405213336
Male_vs_Female__within_CRC,ThomasAM_2018a,Bacteroides,23,6,-2.625593277112098
Male_vs_Female__within_CRC,ThomasAM_2018b,Bacteroides,23,9,-0.45450338306178306
Male_vs_Female__within_CRC,ThomasAM_2019_c,Bacteroides,21,19,-0.5159812493192995
Male_vs_Female__within_CRC,VogtmannE_2016,Bacteroides,37,15,-0.9405686958601125
Male_vs_Female__within_CRC,WirbelJ_2018,Bacteroides,36,24,0.15204196018952487
Male_vs_Female__within_CRC,YachidaS_2019,Bacteroides,161,97,-0.2476663190457149
Male_vs_Female__within_CRC,YuJ_2015,Bacteroides,48,26,-0.6234825679638165
Male_vs_Female__within_CRC,ZellerG_2014,Bacteroides,29,24,-0.23587334041813257
Male_vs_Female__within_CRC,FengQ_2015,Eggerthella,28,18,-0.3732079007833125
Male_vs_Female__within_CRC,GuptaA_2019,Eggerthella,18,12,-0.09947696177517629
Male_vs_Female__within_CRC,HanniganGD_2017,Eggerthella,20,7,-2.930574204605585
Male_vs_Female__within_CRC,KIM_ADENOMAS_2020,Eggerthella,20,16,0.005009485206077913
Male_vs_Female__within_CRC,SINHA_CRC_2016,Eggerthella,25,17,-0.26432841516409
Male_vs_Female__within_CRC,ThomasAM_2018a,Eggerthella,23,6,-2.1847516401163425
Male_vs_Female__within_CRC,ThomasAM_2018b,Eggerthella,23,9,-1.818949598309438
Male_vs_Female__within_CRC,ThomasAM_2019_c,Eggerthella,21,19,-0.027263647865829688
Male_vs_Female__within_CRC,VogtmannE_2016,Eggerthella,37,15,-1.011518384885609
Male_vs_Female__within_CRC,WirbelJ_2018,Eggerthella,36,24,-0.15427285709271346
Male_vs_Female__within_CRC,YachidaS_2019,Eggerthella,161,97,-0.5098698857969508
Male_vs_Female__within_CRC,YuJ_2015,Eggerthella,48,26,-1.2797632397022873
Male_vs_Female__within_CRC,ZellerG_2014,Eggerthella,29,24,-0.25714094354417105
Male_vs_Female__within_CRC,FengQ_2015,Lactococcus,28,18,-0.6064691623487444
Male_vs_Female__within_CRC,GuptaA_2019,Lactococcus,18,12,-0.3356197955659097
Male_vs_Female__within_CRC,HanniganGD_2017,Lactococcus,20,7,0.6083173802103385
Male_vs_Female__within_CRC,KIM_ADENOMAS_2020,Lactococcus,20,16,0.13248771269477433
Male_vs_Female__within_CRC,SINHA_CRC_2016,Lactococcus,25,17,-0.875306630435074
Male_vs_Female__within_CRC,ThomasAM_2018a,Lactococcus,23,6,-0.09334037092721381
Male_vs_Female__within_CRC,ThomasAM_2018b,Lactococcus,23,9,-0.23591444799812766
Male_vs_Female__within_CRC,ThomasAM_2019_c,Lactococcus,21,19,-0.8133224526305973
Male_vs_Female__within_CRC,VogtmannE_2016,Lactococcus,37,15,-0.2736737235106248
Male_vs_Female__within_CRC,WirbelJ_2018,Lactococcus,36,24,-0.6140556268811594
Male_vs_Female__within_CRC,YachidaS_2019,Lactococcus,161,97,-0.4487539999822183
Male_vs_Female__within_CRC,YuJ_2015,Lactococcus,48,26,0.4313886724831333
Male_vs_Female__within_CRC,ZellerG_2014,Lactococcus,29,24,-0.19230794734534729
Male_vs_Female__within_CRC,FengQ_2015,Flavonifractor,28,18,0.10391673791508493
Male_vs_Female__within_CRC,GuptaA_2019,Flavonifractor,18,12,0.853196416368464
Male_vs_Female__within_CRC,HanniganGD_2017,Flavonifractor,20,7,-1.6047835935109651
Male_vs_Female__within_CRC,KIM_ADENOMAS_2020,Flavonifractor,20,16,-1.070317353571589
Male_vs_Female__within_CRC,SINHA_CRC_2016,Flavonifractor,25,17,-0.16005291454938142
Male_vs_Female__within_CRC,ThomasAM_2018a,Flavonifractor,23,6,-0.7122068520906368
Male_vs_Female__within_CRC,ThomasAM_2018b,Flavonifractor,23,9,-1.5922583473378107
Male_vs_Female__within_CRC,ThomasAM_2019_c,Flavonifractor,21,19,-0.1777823224310393
Male_vs_Female__within_CRC,VogtmannE_2016,Flavonifractor,37,15,-0.8680091637244827
Male_vs_Female__within_CRC,WirbelJ_2018,Flavonifractor,36,24,-0.6946421666272555
Male_vs_Female__within_CRC,YachidaS_2019,Flavonifractor,161,97,-0.31319339449730244
Male_vs_Female__within_CRC,YuJ_2015,Flavonifractor,48,26,-0.6105933144911124
Male_vs_Female__within_CRC,ZellerG_2014,Flavonifractor,29,24,-0.933330606567722
Male_vs_Female__within_CRC,FengQ_2015,Lactobacillus,28,18,-0.7951656177377797
Male_vs_Female__within_CRC,GuptaA_2019,Lactobacillus,18,12,-0.2606125515045128
Male_vs_Female__within_CRC,HanniganGD_2017,Lactobacillus,20,7,0.17384310972133799
Male_vs_Female__within_CRC,KIM_ADENOMAS_2020,Lactobacillus,20,16,0.050403614858562595
Male_vs_Female__within_CRC,SINHA_CRC_2016,Lactobacillus,25,17,-0.11641470310938737
Male_vs_Female__within_CRC,ThomasAM_2018a,Lactobacillus,23,6,0.16965388445533436
Male_vs_Female__within_CRC,ThomasAM_2018b,Lactobacillus,23,9,-0.3686545409376323
Male_vs_Female__within_CRC,ThomasAM_2019_c,Lactobacillus,21,19,-0.7608284557396086
Male_vs_Female__within_CRC,VogtmannE_2016,Lactobacillus,37,15,0.043615007912224835
Male_vs_Female__within_CRC,WirbelJ_2018,Lactobacillus,36,24,0.07651169470717734
Male_vs_Female__within_CRC,YachidaS_2019,Lactobacillus,161,97,-0.43620203787840284
Male_vs_Female__within_CRC,YuJ_2015,Lactobacillus,48,26,-0.8731818438761203
Male_vs_Female__within_CRC,ZellerG_2014,Lactobacillus,29,24,0.4584735456837566
Male_vs_Female__within_CRC,FengQ_2015,Holdemanella,28,18,0.27951723133029904
Male_vs_Female__within_CRC,GuptaA_2019,Holdemanella,18,12,0.22520406353270445
Male_vs_Female__within_CRC,HanniganGD_2017,Holdemanella,20,7,0.4739463661090302
Male_vs_Female__within_CRC,KIM_ADENOMAS_2020,Holdemanella,20,16,1.113782099341639
Male_vs_Female__within_CRC,SINHA_CRC_2016,Holdemanella,25,17,-0.0427114782464969
Male_vs_Female__within_CRC,ThomasAM_2018a,Holdemanella,23,6,-0.18594356865992623
Male_vs_Female__within_CRC,ThomasAM_2018b,Holdemanella,23,9,0.8206800505817617
Male_vs_Female__within_CRC,ThomasAM_2019_c,Holdemanella,21,19,1.3169532600371145
Male_vs_Female__within_CRC,VogtmannE_2016,Holdemanella,37,15,2.0976880343982747
Male_vs_Female__within_CRC,WirbelJ_2018,Holdemanella,36,24,0.07350771636314724
Male_vs_Female__within_CRC,YachidaS_2019,Holdemanella,161,97,0.9804003622299575
Male_vs_Female__within_CRC,YuJ_2015,Holdemanella,48,26,0.7604346212775099
Male_vs_Female__within_CRC,ZellerG_2014,Holdemanella,29,24,0.06854060983044974
Male_vs_Female__within_CRC,FengQ_2015,Eisenbergiella,28,18,-0.8340278103933007
Male_vs_Female__within_CRC,GuptaA_2019,Eisenbergiella,18,12,0.46367776368914754
Male_vs_Female__within_CRC,HanniganGD_2017,Eisenbergiella,20,7,-0.22529908401393323
Male_vs_Female__within_CRC,KIM_ADENOMAS_2020,Eisenbergiella,20,16,0.24483674606396644
Male_vs_Female__within_CRC,SINHA_CRC_2016,Eisenbergiella,25,17,-0.0427114782464969
Male_vs_Female__within_CRC,ThomasAM_2018a,Eisenbergiella,23,6,-2.2780588058056113
Male_vs_Female__within_CRC,ThomasAM_2018b,Eisenbergiella,23,9,-1.1525531672605116
Male_vs_Female__within_CRC,ThomasAM_2019_c,Eisenbergiella,21,19,0.10137481293277895
Male_vs_Female__within_CRC,VogtmannE_2016,Eisenbergiella,37,15,-1.3270388677917695
Male_vs_Female__within_CRC,WirbelJ_2018,Eisenbergiella,36,24,-1.1442825982468272
Male_vs_Female__within_CRC,YachidaS_2019,Eisenbergiella,161,97,-0.057325638453887606
Male_vs_Female__within_CRC,YuJ_2015,Eisenbergiella,48,26,-0.9363142990051524
Male_vs_Female__within_CRC,ZellerG_2014,Eisenbergiella,29,24,-0.5371262090709772
